{
    "Amira_1": {
        "statistic": {
            "mean_squared_error": 17.865347851972174,
            "wasserstein_distance": 0.09031720680648721
        },
        "outlier": {
            "total": 99.28571428571429
        },
        "attacker": {
            "similarity": 0.8630468614569569,
            "consistency": 1.0,
            "downstream": 0.0,
            "privacy": 0.48
        },
        "kl": {
            "kl_div": 0.02094224297525073
        },
        "numeric": {
            "mean_diff": 0.00026302128466877683,
            "median_diff": 0.01208029529381021,
            "std_dev_diff": 1.3183399727889622e-05,
            "autocorrelation": 0.004866771080510035,
            "t_test_stat": 0.0271499486229119,
            "t_test_p_val": 0.9783440111073336,
            "mann_whitney_u_stat": 217591.5,
            "mann_whitney_u_p_val": 0.0002904062641444344
        }
    },
    "Cubic_1": {
        "statistic": {
            "mean_squared_error": 17.885208595197398,
            "wasserstein_distance": 0.09035885792802963
        },
        "outlier": {
            "total": 100.0
        },
        "attacker": {
            "similarity": 0.8629018421290855,
            "consistency": 1.0,
            "downstream": 0.31999999999999995,
            "privacy": 0.48
        },
        "kl": {
            "kl_div": 0.022032229375002325
        },
        "numeric": {
            "mean_diff": 4.163336342344337e-17,
            "median_diff": 0.012271391734103403,
            "std_dev_diff": 9.00197883528242e-05,
            "autocorrelation": 0.004716118827644777,
            "t_test_stat": 0.0,
            "t_test_p_val": 1.0,
            "mann_whitney_u_stat": 216734.0,
            "mann_whitney_u_p_val": 0.00018616681511487111
        }
    },
    "EMD_0": {
        "statistic": {
            "mean_squared_error": 1.7563717016826081,
            "wasserstein_distance": 0.12206126244573308
        },
        "outlier": {
            "total": 36.0
        },
        "attacker": {
            "similarity": 1.4142135623730951,
            "consistency": 1.0,
            "downstream": 0.0,
            "privacy": 1.0
        },
        "kl": {
            "kl_div": 0.6292731646795536
        },
        "numeric": {
            "mean_diff": 0.12206126244573305,
            "median_diff": 0.0280685413065729,
            "std_dev_diff": 0.1408024149450484,
            "autocorrelation": NaN,
            "t_test_stat": 15.08374372678985,
            "t_test_p_val": 9.554746799224242e-48,
            "mann_whitney_u_stat": 489650.0,
            "mann_whitney_u_p_val": 3.607453498573667e-262
        }
    },
    "EMD_1": {
        "statistic": {
            "mean_squared_error": 1.7563717016826081,
            "wasserstein_distance": 0.12206126244573308
        },
        "outlier": {
            "total": 35.285714285714285
        },
        "attacker": {
            "similarity": 1.4142135623730951,
            "consistency": 1.0,
            "downstream": -0.32,
            "privacy": 1.0
        },
        "kl": {
            "kl_div": 0.6292731646795536
        },
        "numeric": {
            "mean_diff": 0.12206126244573305,
            "median_diff": 0.0280685413065729,
            "std_dev_diff": 0.1408024149450484,
            "autocorrelation": NaN,
            "t_test_stat": 15.08374372678985,
            "t_test_p_val": 9.554746799224242e-48,
            "mann_whitney_u_stat": 489650.0,
            "mann_whitney_u_p_val": 3.607453498573667e-262
        }
    },
    "EMD_2": {
        "statistic": {
            "mean_squared_error": 1.7563717016826081,
            "wasserstein_distance": 0.12206126244573308
        },
        "outlier": {
            "total": 38.857142857142854
        },
        "attacker": {
            "similarity": 1.4142135623730951,
            "consistency": 1.0,
            "downstream": 0.0,
            "privacy": 1.0
        },
        "kl": {
            "kl_div": 0.6292731646795536
        },
        "numeric": {
            "mean_diff": 0.12206126244573305,
            "median_diff": 0.0280685413065729,
            "std_dev_diff": 0.1408024149450484,
            "autocorrelation": NaN,
            "t_test_stat": 15.08374372678985,
            "t_test_p_val": 9.554746799224242e-48,
            "mann_whitney_u_stat": 489650.0,
            "mann_whitney_u_p_val": 3.607453498573667e-262
        }
    },
    "EMD_3": {
        "statistic": {
            "mean_squared_error": 1.7563717016826081,
            "wasserstein_distance": 0.12206126244573308
        },
        "outlier": {
            "total": 54.285714285714285
        },
        "attacker": {
            "similarity": 1.4142135623730951,
            "consistency": 0.6666666666666666,
            "downstream": 0.08999999999999997,
            "privacy": 1.0
        },
        "kl": {
            "kl_div": 0.6292731646795536
        },
        "numeric": {
            "mean_diff": 0.12206126244573305,
            "median_diff": 0.0280685413065729,
            "std_dev_diff": 0.1408024149450484,
            "autocorrelation": NaN,
            "t_test_stat": 15.08374372678985,
            "t_test_p_val": 9.554746799224242e-48,
            "mann_whitney_u_stat": 489650.0,
            "mann_whitney_u_p_val": 3.607453498573667e-262
        }
    },
    "EMD_4": {
        "statistic": {
            "mean_squared_error": 1.7563717016826081,
            "wasserstein_distance": 0.12206126244573308
        },
        "outlier": {
            "total": 44.0
        },
        "attacker": {
            "similarity": 1.4142135623730951,
            "consistency": 1.0,
            "downstream": 0.0,
            "privacy": 1.0
        },
        "kl": {
            "kl_div": 0.6292731646795536
        },
        "numeric": {
            "mean_diff": 0.12206126244573305,
            "median_diff": 0.0280685413065729,
            "std_dev_diff": 0.1408024149450484,
            "autocorrelation": NaN,
            "t_test_stat": 15.08374372678985,
            "t_test_p_val": 9.554746799224242e-48,
            "mann_whitney_u_stat": 489650.0,
            "mann_whitney_u_p_val": 3.607453498573667e-262
        }
    },
    "EMD_5": {
        "statistic": {
            "mean_squared_error": 1.7563717016826081,
            "wasserstein_distance": 0.12206126244573308
        },
        "outlier": {
            "total": 39.42857142857143
        },
        "attacker": {
            "similarity": 1.4142135623730951,
            "consistency": 0.6666666666666666,
            "downstream": 0.0,
            "privacy": 1.0
        },
        "kl": {
            "kl_div": 0.6292731646795536
        },
        "numeric": {
            "mean_diff": 0.12206126244573305,
            "median_diff": 0.0280685413065729,
            "std_dev_diff": 0.1408024149450484,
            "autocorrelation": NaN,
            "t_test_stat": 15.08374372678985,
            "t_test_p_val": 9.554746799224242e-48,
            "mann_whitney_u_stat": 489650.0,
            "mann_whitney_u_p_val": 3.607453498573667e-262
        }
    },
    "SSA_0": {
        "statistic": {
            "mean_squared_error": 2.399047517345005,
            "wasserstein_distance": 0.08543537063815414
        },
        "outlier": {
            "total": 63.0
        },
        "attacker": {
            "similarity": 1.1798236901185435,
            "consistency": 1.0,
            "downstream": 0.0,
            "privacy": 0.47
        },
        "kl": {
            "kl_div": 0.03211635013552904
        },
        "numeric": {
            "mean_diff": 0.07065386059353665,
            "median_diff": 0.011500234058173596,
            "std_dev_diff": 0.0816357837319212,
            "autocorrelation": 0.00548179835821927,
            "t_test_stat": 8.415201402356008,
            "t_test_p_val": 9.571707354012659e-17,
            "mann_whitney_u_stat": 276433.5,