{
    "EMD_0": {
        "training-time": 0.02417369995964691,
        "prediction": [
            0.3722721138971778,
            -0.014617663582984226,
            -0.0032879458712494064,
            0.21196487520048027,
            -0.019734211359369355,
            -0.01964248979122886,
            -0.043253798780254926,
            -0.04647681030153687,
            -0.056219512322529495,
            -0.06406758501205378,
            -0.05791125223443156,
            0.46134806262302314,
            -0.07892427143789084,
            -0.07082845918935118,
            -0.08740126297519382,
            -0.08241934089412896,
            -0.09086983431417975,
            -0.08937346750760974,
            0.26982379454544003,
            -0.10530859758022365,
            -0.10406588838330305,
            -0.11028645039217849,
            -0.12261081063327944,
            0.40445648347324553,
            0.07107995587015903,
            0.23140516170171216,
            -0.11164325948054307,
            -0.1605762463055232,
            -0.16337393134027217,
            -0.17093595905069625,
            -0.1744498872338569,
            0.35915852958845484,
            0.23484819675281965,
            -0.17033564192931494,
            -0.16570664108386612,
            0.36199749936818315,
            -0.15891264496667734,
            -0.148078854519422,
            -0.13523134925170038,
            -0.1180007868439212,
            0.4153881793116942,
            -0.09830328919124517,
            0.08722705027747632,
            -0.07994092314690077,
            -0.06644758464163096,
            -0.06315070590941703,
            -0.04575639753481452,
            -0.0474774623871517,
            -0.03693145379095983,
            -0.04984714872043346,
            -0.04991292720739277,
            -0.07030840464973556,
            -0.07126215816885095,
            0.4462407391374365,
            -0.09422069958030091,
            -0.10123462428162107,
            0.4031784934545543,
            -0.13705981526533637,
            -0.15458309390747987,
            -0.07249949682483571,
            -0.1742919102241796,
            -0.002673181310399564,
            -0.1891887452685273,
            -0.18670781538913614,
            0.559511839007564,
            0.32036473026587153,
            -0.19723869988951015,
            -0.1934792645114045,
            -0.18135805993898424,
            0.2706160248112896,
            -0.1673198058191836,
            0.382313370346221,
            -0.1538868637073726,
            -0.14500206559784695,
            0.2064903758788636,
            -0.138349331348799,
            -0.1315614764782798,
            -0.1423760424116493,
            -0.12177131009156854,
            0.27024333243721327,
            -0.0633258640251265,
            -0.17919171123053493,
            0.3177784904872156,
            -0.21129175679980744,
            0.021526726949020115,
            0.2769842047462385,
            -0.26300970710700605,
            0.2568577827698646,
            -0.3008865829761813,
            0.22493943520087273,
            0.2867587358689594,
            -0.3306236603332969,
            -0.33550523475127547,
            0.5878352812110409,
            -0.3512587069640646,
            0.18908459608733455,
            -0.11033550774220026,
            -0.1850079784189911,
            -0.05043600044617508,
            0.027243387525085462
        ],
        "errors": "error with EMD: 'RunInformation' object has no attribute 'forcast'"
    },
    "EMD_1": {
        "training-time": 0.022360000002663583,
        "prediction": [
            0.0,
            0.0,
            0.0,
            0.0,
            0.0,
            0.0,
            0.0,
            0.0,
            0.0,
            0.0,
            0.0,
            0.0,
            0.0,
            0.0,
            0.0,
            0.0,
            0.0,
            0.0,
            0.0,
            0.0,
            0.0,
            0.0,
            0.0,
            0.0,
            0.0,
            0.0,
            0.0,
            0.0,
            0.0,
            0.0,
            0.0,
            0.0,
            0.0,
            0.0,
            0.0,
            0.0,
            0.0,
            0.0,
            0.0,
            0.0,
            0.0,
            0.0,
            0.0,
            0.0,
            0.0,
            0.0,
            0.0,
            0.0,
            0.0,
            0.0,
            0.0,
            0.0,
            0.0,
            0.0,
            0.0,
            0.0,
            0.0,
            0.0,
            0.0,
            0.0,
            0.0,
            0.0,
            0.0,
            0.0,
            0.0,
            0.0,
            0.0,
            0.0,
            0.0,
            0.0,
            0.0,
            0.0,
            0.0,
            0.0,
            0.0,
            0.0,
            0.0,
            0.0,
            0.0,
            0.0,
            0.0,
            0.0,
            0.0,
            0.0,
            0.0,
            0.0,
            0.0,
            0.0,
            0.0,
            0.0,
            0.0,
            0.0,
            0.0,
            0.0,
            0.0,
            0.0,
            0.0,
            0.0,
            0.0,
            0.0
        ],
        "errors": "error with EMD: 'RunInformation' object has no attribute 'forcast'"
    },
    "EMD_2": {
        "training-time": 0.020356900000479072,