{
    "Amira_1": {
        "training-time": {
            "sum": 2.261805199988885,
            "min": 0.2434048999857623,
            "max": 0.6969042000127956,
            "median": 0.452361039997777,
            "deviation": 54.059288575386674
        },
        "other": {
            "-": "-"
        }
    },
    "Cubic_1": {
        "training-time": {
            "sum": 0.021871799981454387,
            "min": 0.0034018000005744398,
            "max": 0.007349199993768707,
            "median": 0.0043743599962908775,
            "deviation": 68.00629120603394
        },
        "other": {
            "-": "-"
        }
    },
    "EMD_0": {
        "training-time": {
            "sum": 0.19291400001384318,
            "min": 0.006388200010405853,
            "max": 0.08697350000147708,
            "median": 0.03858280000276863,
            "deviation": 125.42039456762085
        },
        "other": {
            "-": "-"
        }
    },
    "EMD_1": {
        "training-time": {
            "sum": 0.19026709998433944,
            "min": 0.006165799975860864,
            "max": 0.08740970000508241,
            "median": 0.038053419996867885,
            "deviation": 129.70261283289904
        },
        "other": {
            "-": "-"
        }
    },
    "EMD_2": {
        "training-time": {
            "sum": 0.20380410003417637,
            "min": 0.0051099999982398,
            "max": 0.0825710000062827,
            "median": 0.04076082000683527,
            "deviation": 102.5744329786206
        },
        "other": {
            "-": "-"
        }
    },
    "EMD_3": {
        "training-time": {
            "sum": 0.19727989997772966,
            "min": 0.005596900009550154,
            "max": 0.08912019999115728,
            "median": 0.03945597999554593,
            "deviation": 125.87247864890895
        },
        "other": {
            "-": "-"
        }
    },
    "SSA_0": {
        "training-time": {
            "sum": 0.06973390000348445,
            "min": 0.004695700001320802,
            "max": 0.02031449999776669,
            "median": 0.01394678000069689,
            "deviation": 66.33129653521338
        },
        "other": {
            "-": "-"
        }
    },
    "SSA_1": {
        "training-time": {
            "sum": 0.07075139999506064,
            "min": 0.005764000001363456,
            "max": 0.017043900006683543,
            "median": 0.014150279999012128,
            "deviation": 59.265823702669785
        },
        "other": {
            "-": "-"
        }
    },
    "SSA_2": {
        "training-time": {
            "sum": 0.06287610001163557,
            "min": 0.0055148999963421375,
            "max": 0.016254599991953,
            "median": 0.012575220002327114,
            "deviation": 56.144703668631045
        },
        "other": {
            "-": "-"
        }
    },
    "SSA_3": {
        "training-time": {
            "sum": 0.06111279997276142,
            "min": 0.005550900008529425,
            "max": 0.016160299972398207,
            "median": 0.012222559994552285,
            "deviation": 54.58480047548537
        },
        "other": {
            "-": "-"
        }
    }
}