{
    "CGAN-keras_50": {
        "memory": 771.56640625,
        "time": 2.10613685899385
    },
    "CGAN-keras_100": {
        "memory": 782.21875,
        "time": 2.0156551029955154
    },
    "CGAN-keras_150": {
        "memory": 777.92578125,
        "time": 2.130328319995897
    },
    "CGAN-keras_200": {
        "memory": 785.36328125,
        "time": 2.0912897500020335
    },
    "CGAN-keras_250": {
        "memory": 786.796875,
        "time": 2.252253113001643
    },
    "CGAN-keras_300": {
        "memory": 787.484375,
        "time": 2.2465205609987606
    },
    "CGAN-keras_350": {
        "memory": 815.35546875,
        "time": 2.3746277579994057
    },
    "CGAN-keras_400": {
        "memory": 823.9765625,
        "time": 2.376774166004907
    },
    "CGAN-keras_450": {
        "memory": 831.43359375,
        "time": 2.4425325580014032
    },
    "CGAN-keras_500": {
        "memory": 852.546875,
        "time": 2.5764324049960123
    },
    "CGAN-keras_550": {
        "memory": 863.60546875,
        "time": 2.650051575998077
    },
    "CGAN-keras_600": {
        "memory": 857.7734375,
        "time": 2.6491660960018635
    },
    "CGAN-keras_650": {
        "memory": 883.80859375,
        "time": 2.899464219000947
    },
    "CGAN-keras_700": {
        "memory": 905.00390625,
        "time": 3.0124167609974393
    },
    "CGAN-keras_750": {
        "memory": 912.09375,
        "time": 3.1258347620023414
    },
    "CGAN-keras_800": {
        "memory": 911.85546875,
        "time": 4.044626893999521
    },
    "CGAN-tsgm_50": {
        "memory": 1076.80078125,
        "time": 19.123244916998374
    },
    "CGAN-tsgm_100": {
        "memory": 1259.125,
        "time": 39.08829662300559
    },
    "CGAN-tsgm_150": {
        "memory": 1509.171875,
        "time": 57.008689825001056
    },
    "CGAN-tsgm_200": {
        "memory": 1772.078125,
        "time": 75.00547984500008
    },
    "CGAN-tsgm_250": {
        "memory": 2010.74609375,
        "time": 108.6265618940015
    },
    "CGAN-tsgm_300": {
        "memory": 2345.7578125,
        "time": 130.37867168400408
    },
    "CGAN-tsgm_350": {
        "memory": 2685.96875,
        "time": 149.26041390400496
    },
    "CGAN-tsgm_400": {
        "memory": 3216.92578125,
        "time": 199.85881634199905
    },
    "CGAN-tsgm_450": {
        "memory": 3598.84375,
        "time": 229.62872538199736
    },
    "CGAN-tsgm_500": {
        "memory": 4106.109375,
        "time": 280.0845380840037
    },
    "CGAN-tsgm_550": {
        "memory": 4644.99609375,
        "time": 348.09264964199974
    },
    "CGAN-tsgm_600": {
        "memory": 5137.234375,
        "time": 576.491719772006
    },
    "CGAN-tsgm_650": {
        "memory": 5702.16015625,
        "time": 587.230980084998
    },
    "CGAN-tsgm_700": {
        "memory": 6283.515625,
        "time": 582.409221396003
    },
    "CGAN-tsgm_750": {
        "memory": 6996.15234375,
        "time": 608.1583349770008
    },
    "CGAN-tsgm_800": {
        "memory": 7563.51171875,
        "time": 599.301294416
    }
}